{"Health_Factors_pctile_within_state":{"mean":51.2879005454,"std":28.579557299,"max":100.0,"min":1.0},"Length_of_Life_pctile_within_state":{"mean":51.1481486026,"std":28.5256874972,"max":100.0,"min":1.0},"pct_Smokers":{"mean":18.399258218,"std":3.7884494907,"max":41.2,"min":6.9},"pct_Physically_Inactive":{"mean":27.3591531359,"std":5.4136889876,"max":41.7,"min":9.1},"pct_Excessive_Drinking":{"mean":16.5743343648,"std":3.3462719164,"max":27.3,"min":8.4},"Preventable_Hospitalization_rate":{"mean":63.8887970817,"std":24.6148892138,"max":260.58,"min":12.23},"pct_Some_College":{"mean":56.2778575962,"std":11.6491825762,"max":100.0,"min":2.702702703},"pct_Frequent_Mental_Distress":{"mean":11.2289568941,"std":2.0777509419,"max":19.2,"min":6.6},"pct_Diabetic":{"mean":11.1368814268,"std":2.2817443125,"max":22.8,"min":5.1},"Median_Household_Income":{"mean":47117.4228128399,"std":12099.240671011,"max":125635.0,"min":21658.0},"pct_Rural":{"mean":58.6235570358,"std":31.505413882,"max":100.0,"min":0.0},"NSSATS_COMPSAT_3":{"mean":0.1038756174,"std":0.041683585,"max":0.2,"min":0.0},"NMHSS_TREATFAMTHRPY":{"mean":0.7051898153,"std":0.0997956786,"max":0.889361702,"min":0.519337017},"NMHSS_TREATTRAUMATHRPY":{"mean":0.7007970522,"std":0.1136623721,"max":0.931034483,"min":0.443850267},"NMHSS_FOCUS_Mental health treatment":{"mean":0.6447054873,"std":0.1394990379,"max":0.872340426,"min":0.31372549},"NMHSS_FOCUS_Mix of mental health and substance abuse treatment":{"mean":0.3230907872,"std":0.1382995568,"max":0.68627451,"min":0.110638298},"NMHSS_LANGPROV_BOTH staff and on-call interpreter":{"mean":0.2132180855,"std":0.1346965318,"max":0.566137566,"min":0.011363636},"NMHSS_HLTHREC_-6":{"mean":0.0383269934,"std":0.0250087445,"max":0.104072398,"min":0.0},"NMHSS_FACNUM_11 to 30 facilities":{"mean":0.0012305355,"std":0.0023607281,"max":0.009049774,"min":0.0},"NMHSS_IPSEXPERF_3":{"mean":0.0110955126,"std":0.0091338019,"max":0.03038674,"min":0.0},"NMHSS_IPAGEPER017_1":{"mean":0.0045478376,"std":0.0045006558,"max":0.016129032,"min":0.0},"NMHSS_IPETHPERHISP_2":{"mean":0.0109065741,"std":0.0108832841,"max":0.048780488,"min":0.0},"NMHSS_IPETHPERNONHISP_4":{"mean":0.0012990886,"std":0.0033068946,"max":0.024390244,"min":0.0},"NMHSS_IPRACETOTASIAN_41 to 50":{"mean":0.0002673977,"std":0.0008024481,"max":0.002762431,"min":0.0},"NMHSS_IPRACEPERWHIT_1":{"mean":0.0004424227,"std":0.0011558676,"max":0.005574136,"min":0.0},"NMHSS_IPRACEPERWHIT_6":{"mean":0.0262470113,"std":0.0170992561,"max":0.088888889,"min":0.0},"NMHSS_IPRACEPERUNK_2":{"mean":0.0030597463,"std":0.0045706061,"max":0.024390244,"min":0.0},"NMHSS_IPRACEPERUNK_3":{"mean":0.0021356866,"std":0.0030703525,"max":0.013157895,"min":0.0},"NMHSS_OPAGETOT017_51 to 75":{"mean":0.0567491017,"std":0.0266552816,"max":0.122171946,"min":0.0},"NMHSS_OPAGETOT017_None":{"mean":0.2120032591,"std":0.0634779198,"max":0.533333333,"min":0.090497738},"NMHSS_OPAGEPER017_0":{"mean":0.2132399671,"std":0.0634203741,"max":0.533333333,"min":0.090497738},"NMHSS_OPETHPERHISP_3":{"mean":0.0257134781,"std":0.0225551027,"max":0.08490566,"min":0.0},"NMHSS_OPETHTOTUNK_1 to 10":{"mean":0.0862409729,"std":0.0526085564,"max":0.271493213,"min":0.0},"NMHSS_OPRACEPERBLK_1":{"mean":0.1781263926,"std":0.0960329489,"max":0.327731092,"min":0.0},"NMHSS_OPRACETOTWHIT_More than 250":{"mean":0.0719082646,"std":0.0346564746,"max":0.146118721,"min":0.0},"NMHSS_OPRACEPERWHIT_7":{"mean":0.215200352,"std":0.1167044254,"max":0.607843137,"min":0.0},"NMHSS_OPLEGALTOTNONFOREN_11":{"mean":0.000707343,"std":0.0016674079,"max":0.005524862,"min":0.0},"NMHSS_PERCENTVA_7":{"mean":0.0002522602,"std":0.0009106827,"max":0.004524887,"min":0.0},"NSDUH_PRUD_PYR_AVEG":{"mean":0.0076592422,"std":0.0007730686,"max":0.009692325,"min":0.005561084},"NSDUH_SMI_PYR_AVEG":{"mean":0.0469241793,"std":0.005710526,"max":0.059597031,"min":0.036124023},"NSDUH_AMI_PYR_AVEG":{"mean":0.1948514832,"std":0.0171436768,"max":0.242402486,"min":0.167578575},"TEDSA_AGE_8":{"mean":0.1205721628,"std":0.0105773972,"max":0.146097574,"min":0.085072987},"TEDSA_DETNLF_3":{"mean":0.0851603415,"std":0.0540138286,"max":0.360845163,"min":0.0},"TEDSA_ARRESTS_-9":{"mean":0.0536974637,"std":0.1479955105,"max":0.974909211,"min":0.0},"TEDSA_ARRESTS_0":{"mean":0.8575091605,"std":0.1398154891,"max":0.96538666,"min":0.022449653},"TEDSA_METHUSE_-9":{"mean":0.0470651404,"std":0.1609145419,"max":1.0,"min":0.0},"TEDSA_SUB1_7":{"mean":0.1026978795,"std":0.0584005747,"max":0.285130062,"min":0.018338014},"TEDSA_SUB2_7":{"mean":0.0540221004,"std":0.0251671528,"max":0.136393824,"min":0.015859904},"TEDSA_FRSTUSE2_10":{"mean":0.0049412181,"std":0.0059022189,"max":0.047870584,"min":0.001410086},"TEDSA_FRSTUSE2_11":{"mean":0.0032022772,"std":0.0054482808,"max":0.043248597,"min":0.000224972},"TEDSA_FRSTUSE2_12":{"mean":0.0022909749,"std":0.0070229012,"max":0.054473424,"min":0.0},"TEDSA_FRSTUSE2_7":{"mean":0.0231111287,"std":0.0134208657,"max":0.110267415,"min":0.008875249},"TEDSA_FRSTUSE2_8":{"mean":0.0123311078,"std":0.0073744939,"max":0.061736547,"min":0.003649635},"TEDSA_FRSTUSE2_9":{"mean":0.0077821063,"std":0.0074005083,"max":0.060746121,"min":0.002156603},"TEDSA_SUB3_7":{"mean":0.0221464851,"std":0.0092118493,"max":0.043787169,"min":0.0},"TEDSA_FRSTUSE3_-9":{"mean":0.7464904081,"std":0.1260439798,"max":1.0,"min":0.022779795},"TEDSA_FRSTUSE3_10":{"mean":0.0027450553,"std":0.0081588021,"max":0.063387257,"min":0.0},"TEDSA_FRSTUSE3_11":{"mean":0.001962276,"std":0.0071839141,"max":0.055463849,"min":0.0},"TEDSA_FRSTUSE3_12":{"mean":0.001771633,"std":0.0087960247,"max":0.06734896,"min":0.0},"TEDSA_FRSTUSE3_5":{"mean":0.0232230838,"std":0.0154801609,"max":0.126114229,"min":0.0},"TEDSA_FRSTUSE3_6":{"mean":0.0179865778,"std":0.0166832545,"max":0.13469792,"min":0.0},"TEDSA_FRSTUSE3_7":{"mean":0.0111750237,"std":0.0167022598,"max":0.133377352,"min":0.0},"TEDSA_FRSTUSE3_8":{"mean":0.006003213,"std":0.0121403676,"max":0.095741169,"min":0.0},"TEDSA_FRSTUSE3_9":{"mean":0.0040615703,"std":0.0095658212,"max":0.074942225,"min":0.0},"TEDSA_OPSYNFLG_0":{"mean":0.8259720474,"std":0.0808936084,"max":0.956880886,"min":0.578372218},"TEDSA_OPSYNFLG_1":{"mean":0.1740279526,"std":0.0808936084,"max":0.421627782,"min":0.043119114},"TEDSA_OTCFLG_0":{"mean":0.9971536128,"std":0.002332398,"max":1.0,"min":0.989954481},"TEDSA_OTCFLG_1":{"mean":0.0028463872,"std":0.002332398,"max":0.010045519,"min":0.0},"TEDSA_DSMCRIT_-9":{"mean":0.5981278566,"std":0.3324932893,"max":1.0,"min":0.003400796},"TEDSA_DSMCRIT_12":{"mean":0.0037513264,"std":0.0055569561,"max":0.025314457,"min":0.0},"TEDSA_DSMCRIT_14":{"mean":0.0041778129,"std":0.009036488,"max":0.053482998,"min":0.0},"TEDSA_DSMCRIT_15":{"mean":0.0085266395,"std":0.0190286067,"max":0.11620997,"min":0.0},"TEDSA_DSMCRIT_17":{"mean":0.0043974498,"std":0.009569817,"max":0.05381314,"min":0.0},"TEDSA_DSMCRIT_18":{"mean":0.0009253526,"std":0.0019877878,"max":0.012215253,"min":0.0},"TEDSA_DSMCRIT_2":{"mean":0.0173921056,"std":0.0421436653,"max":0.199094784,"min":0.0},"TEDSA_DSMCRIT_5":{"mean":0.0733278139,"std":0.0765437219,"max":0.413827116,"min":0.0},"TEDSA_PSYPROB_1":{"mean":0.2691709341,"std":0.1869887521,"max":0.694812867,"min":0.0},"TEDSD_AGE_8":{"mean":0.1122876676,"std":0.011193792,"max":0.148330892,"min":0.083476929},"TEDSD_DETNLF_1":{"mean":0.0112598942,"std":0.0109760732,"max":0.057641405,"min":0.0},"TEDSD_PREG_1":{"mean":0.0146517963,"std":0.0069050153,"max":0.040963174,"min":0.003378086},"TEDSD_CBSA_14540":{"mean":0.0023878922,"std":0.0117777301,"max":0.06147046,"min":0.0},"TEDSD_CBSA_17300":{"mean":0.0056223282,"std":0.0277308427,"max":0.144733123,"min":0.0},"TEDSD_CBSA_21060":{"mean":0.0007766644,"std":0.0038307164,"max":0.019993318,"min":0.0},"TEDSD_CBSA_21780":{"mean":0.0001148028,"std":0.000566237,"max":0.002955311,"min":0.0},"TEDSD_CBSA_26580":{"mean":0.0035359174,"std":0.0174401002,"max":0.091023565,"min":0.0},"TEDSD_CBSA_30460":{"mean":0.0028171538,"std":0.013894964,"max":0.072520751,"min":0.0},