{"mentally_unhealthy_days":{"mean":3.6660703781,"std":0.6120956723,"max":5.45,"min":2.1},"physically_unhealthy_days":{"mean":3.7999060557,"std":0.7300023603,"max":5.8,"min":2.2},"pct_frequent_mental_distress":{"mean":11.2013401089,"std":2.0539731994,"max":17.1,"min":6.6},"pct_excessive_drinking":{"mean":16.6140365199,"std":3.3236637539,"max":26.2,"min":8.4},"injury_death_rate":{"mean":76.920057748,"std":21.6865654521,"max":133.0747791037,"min":25.57494442},"age_adjusted_mortality":{"mean":385.8520270746,"std":95.7960277204,"max":655.475,"min":121.4},"pct_frequent_physical_distress":{"mean":11.5203286631,"std":2.414543676,"max":18.45,"min":6.7},"pct_smokers":{"mean":18.3257981775,"std":3.5729658028,"max":28.2,"min":8.2},"pct_insufficient_sleep":{"mean":33.0163072249,"std":4.0716235805,"max":44.35,"min":22.7},"preventable_hospitalization_rate":{"mean":62.7487852233,"std":21.3535405494,"max":116.2825,"min":17.39},"pct_some_college":{"mean":56.3408243479,"std":11.52238443,"max":89.4387351637,"min":23.2339212138},"pct_fair_or_poor_health":{"mean":16.8489870926,"std":4.812660048,"max":30.75,"min":7.2},"pct_unemployed":{"mean":6.2031016793,"std":2.1010933391,"max":11.7844257425,"min":1.188560109},"length_of_life_pctile_within_state":{"mean":50.752236619,"std":28.4334705858,"max":100.0,"min":1.0},"median_household_income":{"mean":46696.9003166267,"std":10806.8376281599,"max":73077.0,"min":22640.0},"pct_physically_inactive":{"mean":27.3822505308,"std":5.3364195733,"max":41.4,"min":13.4},"length_of_life_quartile_within_state":{"mean":2.4719644745,"std":1.107078897,"max":5.0,"min":1.0},"pct_children_in_poverty":{"mean":23.6526895002,"std":8.8533000346,"max":47.75,"min":3.3},"income_20th_percentile":{"mean":20113.7078406757,"std":5379.8021587386,"max":33406.75,"min":8504.0},"pct_children_eligible_free_lunch":{"mean":44.5999216418,"std":15.631102258,"max":87.6068015725,"min":0.0},"pct_diabetic":{"mean":11.1013530951,"std":2.1807510763,"max":16.85,"min":5.25}}