{"mentally_unhealthy_days":{"mean":3.6810248307,"std":0.6189829306,"max":5.6,"min":2.1},"physically_unhealthy_days":{"mean":3.8186469602,"std":0.7468578071,"max":6.5,"min":2.2},"pct_frequent_mental_distress":{"mean":11.2623042797,"std":2.0978543402,"max":19.2,"min":6.6},"pct_excessive_drinking":{"mean":16.5489948265,"std":3.3176694747,"max":27.3,"min":8.4},"injury_death_rate":{"mean":77.8848295057,"std":25.1923544427,"max":277.0083103,"min":25.46121641},"age_adjusted_mortality":{"mean":388.7004654,"std":102.4663153734,"max":978.3,"min":121.4},"pct_frequent_physical_distress":{"mean":11.5939048436,"std":2.492959095,"max":21.8,"min":6.7},"pct_smokers":{"mean":18.4429991706,"std":3.8406770591,"max":41.2,"min":6.9},"pct_insufficient_sleep":{"mean":33.045470988,"std":4.1102163746,"max":47.0,"min":22.7},"preventable_hospitalization_rate":{"mean":63.8442295886,"std":25.0625991285,"max":260.58,"min":12.23},"pct_some_college":{"mean":56.2068093629,"std":11.8014697296,"max":100.0,"min":2.702702703},"pct_fair_or_poor_health":{"mean":17.0090828179,"std":5.0554269003,"max":41.7,"min":7.2},"pct_unemployed":{"mean":6.2734310386,"std":2.2823951308,"max":23.66843034,"min":1.188560109},"length_of_life_pctile_within_state":{"mean":51.2108507028,"std":28.7556634489,"max":100.0,"min":1.0},"median_household_income":{"mean":47073.9748775319,"std":12202.7816804489,"max":125635.0,"min":21658.0},"pct_physically_inactive":{"mean":27.3552441614,"std":5.3849045881,"max":41.7,"min":9.1},"length_of_life_quartile_within_state":{"mean":2.4895923269,"std":1.1162616414,"max":5.0,"min":1.0},"pct_children_in_poverty":{"mean":23.7801963355,"std":9.0181228184,"max":65.9,"min":3.3},"income_20th_percentile":{"mean":20244.8961933017,"std":6031.4366352653,"max":62145.0,"min":8652.0},"pct_children_eligible_free_lunch":{"mean":44.9376474911,"std":16.0817835524,"max":99.25140362,"min":0.0},"pct_diabetic":{"mean":11.1666710693,"std":2.2854969155,"max":22.7,"min":5.4}}