{"mentally_unhealthy_days":{"mean":3.6667634336,"std":0.6131496976,"max":5.45,"min":2.1},"physically_unhealthy_days":{"mean":3.8006306607,"std":0.7312768179,"max":5.8,"min":2.2},"pct_frequent_mental_distress":{"mean":11.2005634875,"std":2.0551504422,"max":17.1,"min":6.6},"pct_excessive_drinking":{"mean":16.6113601392,"std":3.3365429416,"max":26.2,"min":8.4},"injury_death_rate":{"mean":77.4477208837,"std":22.071853146,"max":133.0747791037,"min":25.46121641},"age_adjusted_mortality":{"mean":386.9709235047,"std":96.9923906317,"max":655.475,"min":121.4},"pct_frequent_physical_distress":{"mean":11.5238625652,"std":2.4181632644,"max":18.45,"min":6.7},"pct_smokers":{"mean":18.3312191595,"std":3.5675321328,"max":28.2,"min":8.2},"pct_insufficient_sleep":{"mean":32.9794890987,"std":4.0669310403,"max":44.35,"min":22.7},"preventable_hospitalization_rate":{"mean":62.3867135112,"std":21.3227400777,"max":116.2825,"min":12.23},"pct_some_college":{"mean":56.2582491592,"std":11.6248980897,"max":89.4387351637,"min":23.2339212138},"pct_fair_or_poor_health":{"mean":16.8372783314,"std":4.8105778044,"max":30.75,"min":8.0},"pct_unemployed":{"mean":6.2023058689,"std":2.1235362516,"max":11.7844257425,"min":1.271676301},"length_of_life_pctile_within_state":{"mean":51.1339244657,"std":28.2218631772,"max":100.0,"min":1.0},"median_household_income":{"mean":46677.091747183,"std":10666.3287954932,"max":73077.0,"min":21658.0},"pct_physically_inactive":{"mean":27.276433121,"std":5.3767776116,"max":41.4,"min":13.4},"length_of_life_quartile_within_state":{"mean":2.4890352314,"std":1.0967778926,"max":4.0,"min":1.0},"pct_children_in_poverty":{"mean":23.6137391358,"std":8.8059690251,"max":47.75,"min":4.6},"income_20th_percentile":{"mean":20070.5358128371,"std":5297.1704957131,"max":33406.75,"min":8504.0},"pct_children_eligible_free_lunch":{"mean":44.6301476712,"std":15.7432136139,"max":87.6068015725,"min":0.0},"pct_diabetic":{"mean":11.0954279626,"std":2.178674989,"max":16.85,"min":5.25}}